frame,xmin,ymin,xmax,ymax,conf,cls
1,463.95025634765625,313.7105407714844,647.3045043945312,443.2751159667969,0.8715547323226929,2
1,638.599609375,204.6945343017578,789.876220703125,299.91888427734375,0.8691959381103516,2
1,172.88833618164062,207.51303100585938,324.3611755371094,334.4081115722656,0.8345863819122314,2
1,491.8396301269531,163.40838623046875,628.793212890625,259.7076721191406,0.8251351118087769,2
1,835.1002197265625,92.70513916015625,1013.2528076171875,273.5189208984375,0.8228777050971985,7
1,819.2755126953125,236.9354248046875,982.2271728515625,351.56353759765625,0.8109702467918396,2
1,1143.2413330078125,302.53759765625,1279.5438232421875,435.73016357421875,0.7969684600830078,2
1,824.8465576171875,482.68798828125,1003.56396484375,663.1693115234375,0.7946164011955261,2
1,138.61248779296875,109.88003540039062,256.83831787109375,195.82345581054688,0.779250979423523,2
1,364.62255859375,108.33747863769531,490.853515625,195.6759796142578,0.7519343495368958,2
1,78.16375732421875,181.7306671142578,213.199462890625,301.95892333984375,0.7100411653518677,2
1,314.7357177734375,490.5172119140625,909.8262939453125,717.3084716796875,0.6597914099693298,2
1,0.5609588623046875,420.2672424316406,252.17013549804688,711.6439208984375,0.6370486617088318,2
1,0.04109954833984375,64.78262329101562,71.80143737792969,136.4317626953125,0.5781533718109131,2
1,0.029300689697265625,241.2431640625,48.31844711303711,360.26055908203125,0.5426784157752991,2
1,1017.480712890625,678.6998291015625,1238.516357421875,715.7755126953125,0.4957222640514374,2
1,313.949462890625,493.079345703125,904.9805908203125,715.5260009765625,0.3853830397129059,5
2,652.44482421875,206.6986846923828,802.952392578125,304.54339599609375,0.889888346195221,2
2,168.34756469726562,206.1376953125,317.4615478515625,331.04071044921875,0.8828548789024353,2
2,457.60455322265625,309.439453125,639.0641479492188,439.70574951171875,0.8637656569480896,2
2,832.8740234375,238.8992919921875,997.755615234375,356.0087890625,0.8537740111351013,2
2,1161.8328857421875,305.14129638671875,1279.4229736328125,439.11151123046875,0.8411375880241394,2
2,504.1739501953125,165.674072265625,640.73779296875,262.0787048339844,0.8325371146202087,2
2,844.5995483398438,92.49224853515625,1022.2438354492188,275.8038330078125,0.7659804821014404,7
2,149.28036499023438,111.056884765625,267.1802062988281,200.5897216796875,0.7622981071472168,2
2,374.4461669921875,110.80097961425781,501.36859130859375,195.8524932861328,0.7500178813934326,2
2,69.58976745605469,178.7747344970703,207.5782012939453,301.95330810546875,0.7493463158607483,2
2,820.6571044921875,475.1575622558594,992.5733642578125,656.9254150390625,0.7336409687995911,2
2,317.43994140625,482.43023681640625,905.37255859375,715.4370727539062,0.6632513403892517,2
2,0.5481109619140625,420.95489501953125,253.15570068359375,711.7423706054688,0.6473940014839172,2
2,0.0,65.83819580078125,81.47654724121094,136.78265380859375,0.625359296798706,2
2,1007.09130859375,671.1511840820312,1231.274169921875,717.0755004882812,0.5618739724159241,2
2,0.0245513916015625,178.75462341308594,42.671875,357.34326171875,0.42345133423805237,2
2,313.8166809082031,485.0622253417969,902.240966796875,714.198974609375,0.3251994252204895,5
2,0.1117401123046875,243.0899658203125,41.62507629394531,356.8570556640625,0.26409628987312317,2
3,664.7576904296875,209.5557098388672,814.8770751953125,305.83453369140625,0.8876374363899231,2
3,846.8366088867188,240.78076171875,1009.9292602539062,362.2310791015625,0.8540253043174744,2
3,448.09326171875,307.1715087890625,629.90576171875,435.46435546875,0.84622722864151,2
3,516.9131469726562,167.23300170898438,656.9175415039062,264.7984619140625,0.8401438593864441,2
3,385.5731201171875,111.56658935546875,511.30950927734375,197.52081298828125,0.8254657983779907,2
3,161.49920654296875,205.53692626953125,310.35308837890625,329.059326171875,0.7992994785308838,2
3,1178.551025390625,309.07122802734375,1279.379638671875,446.72381591796875,0.7778660655021667,2
3,856.461181640625,93.25629425048828,1033.055419921875,277.6151123046875,0.75716632604599,7
3,61.494232177734375,178.73898315429688,194.296630859375,297.2091369628906,0.7422630786895752,2
3,818.8494873046875,480.55682373046875,982.0433349609375,651.4567260742188,0.7282590270042419,2
3,159.2601318359375,111.7188720703125,278.74078369140625,202.98065185546875,0.7132949233055115,2
3,0.5684356689453125,420.44671630859375,254.39556884765625,711.8472290039062,0.6898859739303589,2
3,0.5926971435546875,67.05815887451172,91.16465759277344,141.7493896484375,0.5971845984458923,2
3,320.76092529296875,474.28863525390625,904.4440307617188,713.2499389648438,0.5712705850601196,2
3,992.005126953125,665.6480712890625,1219.6416015625,717.8140869140625,0.5281439423561096,2
3,312.35223388671875,475.39697265625,903.3909301757812,712.5794677734375,0.375933974981308,7
3,0.0,221.70751953125,37.04472351074219,354.67681884765625,0.35806378722190857,2
3,311.68524169921875,476.305908203125,902.2749633789062,712.494873046875,0.34246695041656494,5
4,863.9285888671875,245.0584716796875,1030.8485107421875,364.48828125,0.887252151966095,2
4,680.581298828125,211.488037109375,832.645263671875,310.007080078125,0.8750754594802856,2
4,438.670166015625,304.1993103027344,617.1409912109375,430.7635192871094,0.8669019341468811,2
4,533.32421875,172.05023193359375,672.789306640625,269.0466613769531,0.8498823046684265,2
4,401.031005859375,112.75994873046875,527.0682373046875,199.76568603515625,0.8298965096473694,2
4,867.72900390625,95.44768524169922,1048.0223388671875,281.2032470703125,0.7998315691947937,7
4,1206.0712890625,314.14605712890625,1279.32568359375,451.76666259765625,0.7375028133392334,2
4,174.31658935546875,114.46456909179688,292.1539306640625,201.16128540039062,0.7154265642166138,2
4,50.733642578125,174.42288208007812,181.10394287109375,293.4826965332031,0.7119045853614807,2
4,150.35958862304688,201.74427795410156,299.6163330078125,324.1702880859375,0.6507667899131775,2
4,0.00609588623046875,67.17330169677734,105.26351165771484,145.00643920898438,0.6377475261688232,2
4,0.6646270751953125,419.51275634765625,254.27569580078125,711.4899291992188,0.6117403507232666,2
4,811.0106201171875,465.0836181640625,967.2210693359375,642.9490966796875,0.5784044861793518,2
4,313.49542236328125,468.22515869140625,898.3862915039062,712.3926391601562,0.5607485771179199,5
4,983.3767700195312,651.2759399414062,1209.239013671875,719.5252075195312,0.502006471157074,2
4,0.0,214.74700927734375,26.883800506591797,351.4898681640625,0.4229884147644043,2
4,314.35528564453125,466.4815368652344,898.0401000976562,712.3817138671875,0.41865789890289307,7
5,693.22021484375,213.06430053710938,846.160400390625,312.2238464355469,0.8884202837944031,2
5,430.3816833496094,302.25579833984375,607.3975830078125,427.91546630859375,0.8484579920768738,2
5,878.6007080078125,247.93914794921875,1043.103271484375,367.84246826171875,0.8466997742652893,2
5,545.133544921875,173.9996337890625,687.427734375,271.8885498046875,0.8040491938591003,2
5,411.819091796875,114.25430297851562,538.8870849609375,201.56344604492188,0.7988152503967285,2
5,145.42083740234375,199.50433349609375,291.42755126953125,322.13739013671875,0.7955918908119202,2
5,181.35903930664062,115.47909545898438,303.9070739746094,203.11965942382812,0.7340473532676697,2
5,878.837158203125,96.88381958007812,1056.3408203125,286.4702453613281,0.7186519503593445,7
5,803.2113037109375,460.1852111816406,957.218505859375,635.8228759765625,0.6963210105895996,2
5,42.46797180175781,174.8993377685547,176.9256591796875,291.91790771484375,0.6778894662857056,2
5,1225.755615234375,315.1488037109375,1279.429443359375,455.0008544921875,0.6706607937812805,2
5,0.614471435546875,419.9406433105469,253.5228271484375,711.41357421875,0.5889112949371338,2
5,967.7733154296875,641.4058837890625,1200.3572998046875,719.0211181640625,0.5803834199905396,2
5,1.446807861328125,69.36061096191406,117.97093200683594,146.63572692871094,0.5543252825737,2
5,0.0,245.29928588867188,22.642593383789062,350.6526184082031,0.5349650382995605,2
5,314.6914978027344,460.9541015625,896.5130615234375,713.3638916015625,0.3602806329727173,7
6,891.985595703125,251.5780029296875,1057.438720703125,372.37286376953125,0.8616845607757568,2
6,421.4534912109375,300.4185791015625,599.0565185546875,425.90716552734375,0.8496838808059692,2
6,559.762939453125,175.54409790039062,699.9619140625,274.1638488769531,0.8333041071891785,2
6,704.6025390625,216.7074737548828,859.8455810546875,316.48419189453125,0.8186591863632202,2
6,137.04290771484375,197.2532958984375,284.5072021484375,320.80035400390625,0.8072149753570557,2
6,421.64361572265625,115.71157836914062,549.3543090820312,204.10928344726562,0.7963132262229919,2
6,34.5875244140625,175.19415283203125,173.3336181640625,290.4403076171875,0.7939574122428894,2
6,193.26092529296875,116.66567993164062,315.96600341796875,205.86392211914062,0.7492697834968567,2
6,807.698486328125,462.89801025390625,944.7486572265625,627.1224975585938,0.7417762279510498,2
6,889.2825927734375,97.4997787475586,1069.2811279296875,286.3888854980469,0.703525960445404,7
6,1246.5062255859375,327.329345703125,1279.5299072265625,459.18145751953125,0.6807860136032104,2
6,320.9803466796875,453.3945007324219,887.601318359375,714.309326171875,0.5993884801864624,5
6,957.97998046875,631.5205078125,1191.588623046875,719.103271484375,0.595508873462677,2
6,18.825607299804688,69.502685546875,127.06549072265625,145.7967529296875,0.5660699009895325,2
6,0.669830322265625,419.90185546875,253.6011962890625,711.4818115234375,0.4607814848423004,2
6,0.05028533935546875,244.21343994140625,16.370458602905273,350.61334228515625,0.39129185676574707,2
7,909.730224609375,257.2159423828125,1078.1046142578125,377.79443359375,0.9033032655715942,2
7,720.7670288085938,220.65769958496094,875.7573852539062,320.638916015625,0.8601539134979248,2
7,575.2454223632812,175.9681396484375,717.0297241210938,279.27545166015625,0.8509962558746338,2
7,411.6761474609375,296.0799560546875,586.7620849609375,421.988525390625,0.8323121070861816,2
7,128.44534301757812,194.17572021484375,274.85784912109375,316.38153076171875,0.8278012275695801,2
7,23.261123657226562,174.32986450195312,167.05844116210938,286.89093017578125,0.7705509662628174,2
7,207.65899658203125,118.47439575195312,329.36322021484375,206.86318969726562,0.7683973908424377,2
7,435.9747314453125,117.05813598632812,563.9869384765625,207.14752197265625,0.7520549893379211,2
7,807.9160766601562,461.0570068359375,930.4280395507812,621.1593017578125,0.7440463900566101,2
7,902.1593017578125,97.16354370117188,1082.0802001953125,287.0066223144531,0.731647253036499,7
7,32.713008880615234,71.80810546875,141.6602783203125,148.19873046875,0.7007235288619995,2
7,920.744140625,619.85498046875,1179.910888671875,717.31494140625,0.615706205368042,2
7,0.7669830322265625,420.951171875,253.00540161132812,711.408203125,0.39594000577926636,2
7,315.28936767578125,444.34747314453125,884.9317016601562,712.9555053710938,0.3910177946090698,7
8,921.85986328125,258.88275146484375,1093.249755859375,383.99664306640625,0.8819292783737183,2
8,587.908935546875,177.4036865234375,730.453369140625,281.73834228515625,0.8464430570602417,2
8,403.592041015625,292.68994140625,578.916259765625,418.209228515625,0.8231077790260315,2
8,734.8087158203125,224.4014892578125,889.3154296875,324.64276123046875,0.813068151473999,2
8,446.51654052734375,117.69381713867188,576.1204223632812,208.75509643554688,0.7741673588752747,2
8,218.02493286132812,120.93904113769531,339.0997619628906,212.8636932373047,0.7616032958030701,2
8,121.42819213867188,194.08343505859375,266.763916015625,312.81512451171875,0.741780161857605,2
8,17.027664184570312,172.14004516601562,163.2290802001953,281.3805236816406,0.727827250957489,2
8,911.7686767578125,100.496337890625,1091.525390625,288.43109130859375,0.6778227090835571,7
8,932.8558959960938,610.5785522460938,1168.63623046875,716.4743041992188,0.666076123714447,2
8,306.7996826171875,437.06097412109375,883.429931640625,712.8764038085938,0.616308867931366,5
8,42.202789306640625,72.56300354003906,150.60159301757812,150.8225860595703,0.5924800038337708,2
8,0.714996337890625,421.6665344238281,253.4779052734375,711.6591796875,0.5060524344444275,2
8,809.32861328125,461.7116394042969,920.959228515625,614.927490234375,0.40450602769851685,2
8,0.0533294677734375,86.69075012207031,65.3615951538086,212.56922912597656,0.2518686354160309,2
9,748.49560546875,227.3131866455078,903.6689453125,328.14508056640625,0.860837459564209,2
9,396.2113037109375,289.88153076171875,570.6690673828125,413.42327880859375,0.8346490859985352,2
9,936.68212890625,262.71441650390625,1107.08544921875,385.60369873046875,0.8191351890563965,2
9,458.36688232421875,119.69830322265625,588.2744750976562,209.86431884765625,0.8089432716369629,2
9,601.011474609375,179.34979248046875,742.702880859375,285.83099365234375,0.8074657320976257,2
9,115.14700317382812,190.43385314941406,260.3252868652344,311.9306640625,0.7904978394508362,2
9,228.88919067382812,122.6705322265625,350.9261779785156,211.0133056640625,0.7615724802017212,2
9,8.454254150390625,172.15484619140625,155.27481079101562,281.7589111328125,0.7110578417778015,2
9,52.72512435913086,73.74213409423828,161.67230224609375,151.28338623046875,0.6563085913658142,2
9,922.879150390625,100.43429565429688,1103.36376953125,293.2509460449219,0.5718388557434082,7
9,900.45654296875,603.3309326171875,1164.442626953125,716.6824951171875,0.5711476802825928,2
9,0.7874298095703125,421.6529846191406,253.24520874023438,711.5072021484375,0.5372616648674011,2
9,795.434326171875,446.6715087890625,908.1922607421875,607.6505126953125,0.5238388180732727,2
9,302.25152587890625,429.92950439453125,898.6986694335938,708.8383178710938,0.3272080421447754,7
9,0.0,87.11394500732422,76.52760314941406,163.34375,0.3225896954536438,2
9,302.618896484375,428.8454284667969,896.2117919921875,713.357666015625,0.2994031608104706,5
10,385.143310546875,286.03936767578125,557.261474609375,408.57537841796875,0.8617041707038879,2
10,955.1207275390625,265.777587890625,1128.7789306640625,394.63092041015625,0.8335222601890564,2
10,765.02587890625,229.2451629638672,922.257568359375,335.64141845703125,0.8309320211410522,2
10,617.0187377929688,183.0283966064453,761.7062377929688,289.34625244140625,0.8128271102905273,2
10,240.570556640625,125.42314147949219,363.28924560546875,215.1438446044922,0.7971640825271606,2
10,104.56591033935547,188.85293579101562,251.0064697265625,307.7847595214844,0.7606388926506042,2
10,473.32257080078125,121.76193237304688,603.9332885742188,212.14517211914062,0.7351917028427124,2
10,65.0567626953125,75.93029022216797,175.73989868164062,153.0899658203125,0.7304649949073792,2
10,881.9029541015625,591.097412109375,1144.878662109375,715.610595703125,0.6704592108726501,2
10,0.79840087890625,421.7453308105469,253.8541717529297,711.322021484375,0.6321739554405212,2
10,0.9160919189453125,170.39450073242188,145.65818786621094,277.94268798828125,0.6180336475372314,2
10,935.035888671875,102.64385986328125,1118.2451171875,294.2016906738281,0.4748324155807495,5
10,934.8458251953125,102.48111724853516,1117.0709228515625,296.1834411621094,0.47005167603492737,7
10,794.2874755859375,440.8401794433594,893.2457275390625,599.8790283203125,0.4478803277015686,2
10,0.0,87.68743896484375,78.61249542236328,155.01235961914062,0.36875903606414795,2
11,967.9288940429688,267.8470153808594,1143.688232421875,397.2669982910156,0.8634291291236877,2
11,778.205078125,233.45947265625,935.2088623046875,339.340576171875,0.8575031757354736,2
11,377.63775634765625,283.526611328125,551.5610961914062,405.6785888671875,0.8527269959449768,2
11,254.12127685546875,126.80654907226562,375.8609619140625,217.30758666992188,0.8356005549430847,2
11,629.6466064453125,186.78280639648438,773.7247314453125,292.3557434082031,0.8285394310951233,2
11,483.71075439453125,123.74200439453125,612.0380249023438,214.90875244140625,0.7770931720733643,2
11,100.08975219726562,188.1005401611328,243.74813842773438,305.33673095703125,0.7670674920082092,2
11,944.97216796875,105.48867797851562,1128.765380859375,294.6797180175781,0.6990159749984741,7
11,76.107666015625,77.89604187011719,188.0775146484375,155.3291778564453,0.6977637410163879,2
11,0.0096435546875,419.557861328125,254.5767822265625,709.087890625,0.6399697065353394,2
11,0.490020751953125,166.8345947265625,137.15689086914062,275.1449279785156,0.5539543032646179,2
11,885.1959228515625,583.8572998046875,1131.753662109375,716.2440185546875,0.4896848499774933,2
11,300.2002258300781,413.3245849609375,1137.822998046875,715.572021484375,0.4362218976020813,7
11,0.6783676147460938,90.26943969726562,97.49981689453125,159.48443603515625,0.4051446318626404,2
12,788.685546875,235.02978515625,947.5009765625,342.1123046875,0.870943009853363,2
12,983.606201171875,270.34075927734375,1161.165771484375,401.85540771484375,0.8603547215461731,2
12,263.54217529296875,128.7733154296875,385.69342041015625,219.99832153320312,0.8597193956375122,2
12,90.96952056884766,186.92437744140625,235.62667846679688,303.883056640625,0.8518365025520325,2
12,370.0699462890625,280.06671142578125,542.7305908203125,401.82940673828125,0.8507189750671387,2
12,641.7440795898438,189.73440551757812,787.5320434570312,294.8810729980469,0.8167735934257507,2
12,494.0476379394531,125.01776123046875,624.204833984375,215.60736083984375,0.7974826097488403,2
12,956.7464599609375,108.02761840820312,1136.6951904296875,297.1024475097656,0.7437772154808044,7
12,0.0,162.577880859375,120.29533386230469,272.3047180175781,0.7412480711936951,2
12,86.78369903564453,78.74073791503906,197.6346435546875,154.9731903076172,0.7401596307754517,2
12,865.982177734375,577.0507202148438,1121.9691162109375,715.4883422851562,0.6802583336830139,2
12,0.02386474609375,419.5556335449219,254.8387451171875,708.9716796875,0.6323358416557312,2
12,5.811332702636719,94.15744018554688,111.25920104980469,164.1529541015625,0.5809849500656128,2
12,286.54425048828125,407.4039306640625,877.8057250976562,710.8621826171875,0.4915205240249634,7
13,1002.122802734375,274.3414001464844,1181.50537109375,408.9692687988281,0.903654158115387,2
13,807.2570190429688,240.37371826171875,966.2922973632812,345.2476806640625,0.894992470741272,2
13,82.17864990234375,184.01516723632812,225.16445922851562,300.2351379394531,0.8809459805488586,2
13,277.0849609375,131.47586059570312,400.682373046875,221.99429321289062,0.8797391057014465,2
13,657.9825439453125,192.91839599609375,803.7647705078125,297.94134521484375,0.8752846121788025,2
13,359.24359130859375,276.418701171875,528.1268310546875,395.34771728515625,0.8725888133049011,2
13,98.96705627441406,79.60284423828125,210.42332458496094,157.674560546875,0.787794291973114,2
13,508.52716064453125,126.8873291015625,639.5575561523438,217.89971923828125,0.7775838375091553,2
13,867.244140625,566.640625,1108.0347900390625,716.151123046875,0.7172867655754089,2
13,968.8232421875,109.8031005859375,1151.089599609375,304.20758056640625,0.6713950634002686,7
13,0.0,162.09841918945312,119.3585205078125,271.4006652832031,0.6109682321548462,2
13,0.0015106201171875,418.3429260253906,254.698486328125,708.9383544921875,0.5714676976203918,2
13,17.221878051757812,95.81856536865234,116.43498229980469,163.53567504882812,0.501112699508667,2
13,277.4911804199219,400.7087097167969,871.259521484375,712.1796875,0.3570539653301239,7
14,1015.628662109375,279.73065185546875,1195.400390625,413.05731201171875,0.8899267315864563,2
14,670.891845703125,194.10763549804688,818.4222412109375,302.5872497558594,0.8675476312637329,2
14,287.9952392578125,131.62808227539062,412.5611572265625,220.18502807617188,0.8588417768478394,2
14,351.6517333984375,273.96539306640625,520.5833740234375,393.6929931640625,0.8565791249275208,2
14,818.5032958984375,243.59710693359375,979.2232666015625,350.10028076171875,0.853272557258606,2
14,76.03231811523438,181.817626953125,220.23175048828125,297.802001953125,0.8344593048095703,2
14,519.256591796875,128.83767700195312,653.5804443359375,219.70632934570312,0.8181577920913696,2
14,978.314453125,110.14373779296875,1164.6552734375,304.24462890625,0.7534570693969727,7
14,110.56236267089844,80.91020202636719,222.55555725097656,159.9084930419922,0.7252594828605652,2
14,862.053466796875,561.05908203125,1101.179931640625,715.5732421875,0.6914640069007874,2
14,0.002197265625,418.0377197265625,254.7750701904297,708.6427001953125,0.6268209218978882,2
14,0.10706329345703125,161.05718994140625,115.22521209716797,266.09027099609375,0.6238343119621277,2
14,275.00164794921875,395.4521484375,859.0698852539062,711.1793212890625,0.5714288949966431,7
14,33.26691818237305,96.16738891601562,123.09220886230469,162.60809326171875,0.42842116951942444,2
15,1030.6837158203125,284.3430480957031,1211.3765869140625,417.1232604980469,0.9035555720329285,2
15,682.55712890625,197.0166015625,831.88037109375,305.98785400390625,0.876153826713562,2
15,831.106201171875,244.8370361328125,994.078125,353.719482421875,0.8567207455635071,2
15,299.5165710449219,133.04058837890625,422.3603820800781,226.6038818359375,0.8303952813148499,2
15,70.49261474609375,181.43577575683594,211.96017456054688,294.5343017578125,0.8172611594200134,2
15,343.13519287109375,271.66217041015625,511.244140625,390.72503662109375,0.8130084872245789,2
15,531.32080078125,130.38568115234375,663.186279296875,221.6419677734375,0.803551435470581,2
15,988.4876098632812,111.20779418945312,1175.379150390625,306.75274658203125,0.7747385501861572,7
15,120.18492889404297,81.19319152832031,233.100341796875,159.82566833496094,0.7643182873725891,2
15,842.70068359375,554.4642333984375,1083.51123046875,714.8277587890625,0.6982804536819458,2
15,0.0057830810546875,418.20758056640625,255.46363830566406,708.5779418945312,0.6848731637001038,2
15,40.73769760131836,97.35816192626953,139.78515625,165.3944091796875,0.5080502033233643,2
15,271.983154296875,389.3612060546875,839.329833984375,710.2169189453125,0.46845078468322754,7
15,0.05135345458984375,157.87005615234375,102.0875244140625,260.88238525390625,0.46038854122161865,2
15,273.0074462890625,388.42791748046875,840.7061767578125,711.9349975585938,0.3823168873786926,5
15,0.0,62.71965026855469,52.18182373046875,154.2205047607422,0.33588483929634094,2
16,1049.802734375,290.41632080078125,1230.79052734375,421.00457763671875,0.8786885142326355,2
16,848.197509765625,248.16561889648438,1010.827392578125,356.8704528808594,0.8772416114807129,2
16,333.96868896484375,267.7948913574219,499.397216796875,386.2743835449219,0.8377800583839417,2
16,698.933837890625,200.033447265625,850.19970703125,312.65863037109375,0.8328893780708313,2
16,312.0997314453125,135.69644165039062,436.4271240234375,228.33737182617188,0.8272647857666016,2
16,545.758544921875,131.69915771484375,679.2384033203125,223.68701171875,0.7927034497261047,2
16,58.26800537109375,177.08956909179688,201.41629028320312,292.6617736816406,0.7791281342506409,2
16,132.0062255859375,83.20438385009766,247.634765625,162.55746459960938,0.7532379031181335,2
16,835.253662109375,543.843994140625,1071.06298828125,717.052490234375,0.708971381187439,2
16,1002.1769409179688,114.34664916992188,1189.083251953125,310.4858093261719,0.6864777207374573,7
16,0.84051513671875,419.8260498046875,254.46568298339844,711.0841064453125,0.672094464302063,2
16,270.218017578125,381.1400146484375,828.9832763671875,710.67333984375,0.6134263277053833,7
16,0.018218994140625,155.76028442382812,89.87281799316406,266.8052062988281,0.5118687748908997,2
16,32.05870056152344,98.63162994384766,150.41392517089844,166.15359497070312,0.5040786266326904,2
16,271.6595458984375,380.67144775390625,828.3846435546875,711.6268920898438,0.4530853033065796,5
16,0.0,63.845001220703125,62.431541442871094,149.41287231445312,0.44117438793182373,2
17,1064.8182373046875,296.629150390625,1248.1436767578125,425.4600830078125,0.8660887479782104,2
17,712.10107421875,202.38714599609375,862.52294921875,314.71337890625,0.8576276898384094,2
17,325.0472106933594,265.81695556640625,490.3139953613281,382.47723388671875,0.8523008823394775,2
17,859.7745361328125,251.76889038085938,1026.4119873046875,359.6715393066406,0.8519827723503113,2
17,322.7677307128906,138.05209350585938,448.7615051269531,231.95578002929688,0.8238424062728882,2
17,53.1905517578125,175.24769592285156,193.66412353515625,290.4251708984375,0.7700273394584656,2
17,144.45147705078125,84.3349609375,257.27984619140625,162.468994140625,0.7642292380332947,2
17,557.0538330078125,133.38482666015625,690.1708984375,225.49005126953125,0.7575985789299011,2
17,822.8804931640625,539.7423095703125,1058.5263671875,716.0133056640625,0.7114923000335693,2
17,1012.3141479492188,115.62982177734375,1199.229736328125,312.75830078125,0.6730316877365112,7
17,0.8285369873046875,420.3675842285156,254.099853515625,710.8656005859375,0.6063441634178162,2
17,266.38720703125,374.2185974121094,824.0633544921875,710.8795166015625,0.5372348427772522,7
17,43.762081146240234,99.61853790283203,162.47625732421875,167.85498046875,0.5056725144386292,2
17,275.26202392578125,374.66522216796875,823.5220336914062,711.6598510742188,0.46461454033851624,5
17,0.087066650390625,64.77359771728516,75.19577026367188,150.69509887695312,0.44220125675201416,2
17,1114.8502197265625,671.8577270507812,1278.4600830078125,718.1718139648438,0.2580294609069824,2
18,1079.212158203125,298.7491455078125,1263.541259765625,429.64044189453125,0.8759447336196899,2
18,874.6395263671875,255.72607421875,1039.8128662109375,364.9066162109375,0.8745564222335815,2
18,335.16046142578125,140.01187133789062,458.80694580078125,232.53213500976562,0.8570458292961121,2
18,567.32666015625,134.45904541015625,702.462646484375,227.2261962890625,0.8278058767318726,2
18,317.4002685546875,262.95947265625,482.38494873046875,377.94500732421875,0.8208067417144775,2
18,724.7351684570312,205.9686279296875,873.8980102539062,316.60162353515625,0.8183751702308655,2
18,154.29766845703125,84.91768646240234,269.0918273925781,164.99819946289062,0.7953798770904541,2
18,46.27159118652344,171.19097900390625,185.27297973632812,288.79046630859375,0.7142918705940247,2
18,1021.738525390625,117.17306518554688,1209.81982421875,316.0757141113281,0.6649483442306519,7
18,816.730224609375,533.2955932617188,1046.524169921875,713.0643920898438,0.6610573530197144,2
18,0.0228118896484375,419.071533203125,255.0057830810547,708.556396484375,0.6350690722465515,2
18,254.00830078125,369.3938293457031,817.3970947265625,710.5869140625,0.5497907400131226,5
18,47.19282150268555,100.13723754882812,166.20408630371094,169.85775756835938,0.5323347449302673,2
18,253.70123291015625,368.8295593261719,817.6358032226562,710.349365234375,0.45982930064201355,7
18,0.02539825439453125,65.34651947021484,84.11373138427734,149.88369750976562,0.3780713677406311,2
18,0.03589630126953125,152.46279907226562,69.04882049560547,258.9406433105469,0.3687569797039032,2
18,1101.703369140625,666.13525390625,1279.508544921875,718.426025390625,0.34725672006607056,2
19,1099.050048828125,301.21875,1279.656494140625,434.58642578125,0.9039931297302246,2
19,305.9446716308594,260.14111328125,470.4665832519531,373.1236572265625,0.8843277096748352,2
19,890.693115234375,259.3122253417969,1058.9361572265625,370.4054260253906,0.8619815707206726,2
19,740.8399658203125,207.21908569335938,892.6138916015625,320.3959655761719,0.847593367099762,2
19,582.1192016601562,136.07444763183594,717.7470092773438,230.40211486816406,0.8354769349098206,2
19,349.53045654296875,142.44351196289062,474.87481689453125,236.89324951171875,0.8244041204452515,2
19,37.402099609375,169.63128662109375,177.09796142578125,285.08349609375,0.8087778091430664,2
19,168.7950439453125,85.76258850097656,285.1414794921875,167.30946350097656,0.6940991282463074,2
19,1036.12841796875,118.43798828125,1225.4951171875,321.19195556640625,0.6736214756965637,7
19,814.18896484375,525.302734375,1030.464111328125,714.1854248046875,0.6058709621429443,2
19,0.0143890380859375,418.5574951171875,253.954345703125,708.8739013671875,0.5577199459075928,2
19,69.73828125,101.6550521850586,178.1560516357422,174.80679321289062,0.48145434260368347,2
19,1085.7587890625,653.2587890625,1278.427734375,717.55419921875,0.44899284839630127,2
19,0.1012725830078125,149.24472045898438,68.92562866210938,255.81939697265625,0.379880428314209,2
19,274.7771911621094,362.9075927734375,812.1995849609375,709.345947265625,0.3797242343425751,5
19,263.51434326171875,364.2337646484375,813.0108032226562,710.3511962890625,0.37411585450172424,7
19,2.7070846557617188,65.22442626953125,100.72125244140625,129.97268676757812,0.3490188419818878,2
20,905.161376953125,261.94921875,1074.35888671875,373.468994140625,0.8938670754432678,2
20,1115.1962890625,303.521484375,1279.796875,438.52886962890625,0.8937625885009766,2
20,298.671630859375,258.4023742675781,461.7196044921875,371.3794860839844,0.8930346965789795,2
20,752.622802734375,209.68341064453125,904.69384765625,324.14251708984375,0.8651593327522278,2
20,593.3035888671875,138.26443481445312,729.4461669921875,231.59426879882812,0.8595110774040222,2
20,357.9277648925781,143.8931884765625,484.9176940917969,238.10281372070312,0.8443643450737,2
20,26.50439453125,170.38351440429688,168.74267578125,284.30316162109375,0.8049944639205933,2
20,176.6943359375,86.8711929321289,296.2665710449219,173.52401733398438,0.7286982536315918,2
20,1046.114501953125,119.52786254882812,1239.198486328125,324.8168029785156,0.7200507521629333,7
20,808.4828491210938,518.3765869140625,1019.4668579101562,714.8992919921875,0.658761739730835,2
20,0.0116424560546875,418.480712890625,254.00823974609375,709.0679931640625,0.5786390900611877,2
20,1057.564453125,643.2313232421875,1279.2421875,715.4129638671875,0.5070948600769043,2
20,87.7322998046875,102.12178039550781,185.7911376953125,178.84730529785156,0.48952579498291016,2
20,0.09662628173828125,148.37738037109375,51.083824157714844,257.325927734375,0.4043146073818207,2
20,240.60919189453125,358.3870849609375,816.0922241210938,710.0621337890625,0.34163910150527954,5
20,241.57553100585938,359.8359680175781,816.3905029296875,710.556884765625,0.3297479450702667,7
20,0.0,69.7378158569336,111.41218566894531,150.65512084960938,0.30349215865135193,2
21,291.39752197265625,254.980712890625,455.25140380859375,368.4808349609375,0.8833156824111938,2
21,369.3481140136719,145.65280151367188,497.0097961425781,239.02761840820312,0.8774186968803406,2
21,919.14208984375,265.444091796875,1088.6669921875,377.389404296875,0.8735600113868713,2
21,1130.3583984375,306.95648193359375,1279.48876953125,442.8321533203125,0.8731575608253479,2
21,765.2861328125,213.2518310546875,919.727294921875,326.32623291015625,0.8593705296516418,2
21,605.6678466796875,140.32571411132812,741.1585693359375,232.67233276367188,0.8522484302520752,2
21,24.824325561523438,169.8128662109375,160.12722778320312,281.01593017578125,0.8388651013374329,2
21,187.85675048828125,88.56500244140625,303.7550048828125,171.91366577148438,0.766589343547821,2
21,1037.230224609375,631.9873657226562,1278.040283203125,714.6099243164062,0.7106822729110718,2
21,1056.72314453125,122.55728149414062,1248.770751953125,325.1044921875,0.6564949154853821,7
21,797.94775390625,513.1436767578125,1010.515625,714.3590087890625,0.6078463792800903,2
21,93.08203125,104.33627319335938,193.70034790039062,180.03982543945312,0.5715247392654419,2
21,0.0145263671875,418.9488525390625,254.21875,709.448974609375,0.5200192928314209,2
21,0.10351943969726562,149.86077880859375,41.72031021118164,252.21893310546875,0.4634517431259155,2
21,244.72174072265625,354.707763671875,813.7191772460938,710.701171875,0.38759320974349976,7
21,0.1058197021484375,78.20763397216797,116.1248779296875,154.98114013671875,0.2558892071247101,2
22,620.7529296875,141.990478515625,756.585693359375,235.00872802734375,0.887270450592041,2
22,384.07586669921875,146.79852294921875,512.4037475585938,244.17501831054688,0.8803572058677673,2
22,1151.517578125,311.5008544921875,1279.6015625,448.104248046875,0.8800580501556396,2
22,280.88623046875,251.6094970703125,443.10772705078125,362.58056640625,0.8763489723205566,2
22,782.0921630859375,216.67453002929688,936.2039794921875,330.2154846191406,0.8664942383766174,2
22,935.2994384765625,269.5592041015625,1105.9500732421875,384.4818115234375,0.848282516002655,2
22,202.2244873046875,90.02792358398438,321.0404052734375,175.85980224609375,0.8123043179512024,2
22,2.5733642578125,165.2552490234375,152.48440551757812,277.91162109375,0.7728745937347412,2
22,1026.884033203125,623.8317260742188,1267.091552734375,715.8473510742188,0.7188085317611694,2
22,1070.2178955078125,123.703369140625,1264.5438232421875,329.86737060546875,0.6874658465385437,7
22,97.7352066040039,105.79043579101562,218.23550415039062,179.83309936523438,0.6279956698417664,2
22,0.0229949951171875,418.13702392578125,254.9427947998047,709.6414184570312,0.5611831545829773,2
22,793.016357421875,504.26123046875,994.892822265625,705.4632568359375,0.3877359926700592,2
22,0.3227081298828125,88.11944580078125,117.94239044189453,165.29812622070312,0.3231223523616791,2
22,229.49583435058594,412.251708984375,336.986572265625,564.93994140625,0.31554901599884033,2
22,33.399539947509766,69.38198852539062,133.58377075195312,131.44161987304688,0.2743576467037201,2
22,238.968994140625,346.189453125,813.5736083984375,709.8314208984375,0.2543969750404358,5
22,250.08770751953125,346.68829345703125,809.5045776367188,708.7874145507812,0.2539733052253723,7
23,1166.46630859375,317.687255859375,1279.41552734375,454.1136474609375,0.8797398209571838,2
23,793.5892333984375,220.46975708007812,949.0494384765625,335.3769836425781,0.8783054351806641,2
23,395.2381591796875,149.4373779296875,521.677978515625,245.45794677734375,0.8762469291687012,2
23,272.87982177734375,249.052734375,433.59747314453125,360.62481689453125,0.8739850521087646,2
23,633.5098876953125,143.46728515625,769.0096435546875,238.53826904296875,0.8415936231613159,2
23,948.6536865234375,271.46588134765625,1121.3250732421875,387.48785400390625,0.8169028759002686,2
23,212.13978576660156,91.95449829101562,332.79296875,178.16519165039062,0.7927401065826416,2
23,0.0,149.01956176757812,141.9095916748047,275.9558410644531,0.7567159533500671,2
23,226.86160278320312,408.48931884765625,331.1051330566406,558.8974609375,0.7327658534049988,2
23,110.07693481445312,106.83914184570312,220.98190307617188,180.48550415039062,0.7151505351066589,2
23,1082.605224609375,125.63681030273438,1276.166259765625,331.1805114746094,0.7145222425460815,7
23,0.010711669921875,418.3299560546875,256.03619384765625,709.513671875,0.5930737853050232,2
23,1011.4091796875,613.7700805664062,1251.8046875,718.0302124023438,0.525053083896637,2
23,782.6739501953125,498.0108642578125,985.0133056640625,697.4520263671875,0.514998733997345,2
23,0.0,86.8821029663086,118.1458740234375,164.88052368164062,0.374243825674057,2
23,292.6981201171875,342.31884765625,799.0655517578125,709.33544921875,0.30286678671836853,7
23,979.4159545898438,570.060791015625,1251.3544921875,716.1544189453125,0.2596076428890228,7
24,406.0482177734375,149.7386474609375,533.6051025390625,247.5052490234375,0.9045162200927734,2
24,806.22607421875,223.12445068359375,963.243896484375,339.22650146484375,0.8983193635940552,2
24,643.680908203125,145.32510375976562,781.2259521484375,240.22207641601562,0.881517231464386,2
24,265.973876953125,246.621826171875,425.3424072265625,358.51708984375,0.86415034532547,2
24,963.1065673828125,274.5865478515625,1134.7503662109375,391.87554931640625,0.8477954864501953,2
24,1182.642333984375,320.06878662109375,1279.314208984375,459.70281982421875,0.84688800573349,2
24,220.38134765625,93.34889221191406,344.50616455078125,180.85716247558594,0.796187162399292,2
24,999.5003662109375,605.94677734375,1239.7259521484375,719.21142578125,0.7239980697631836,2
24,117.78035736083984,108.94647216796875,231.25979614257812,179.96783447265625,0.7229927182197571,2
24,0.1009674072265625,135.130859375,134.57080078125,274.75848388671875,0.6708139777183533,2
24,1090.979736328125,126.0897216796875,1279.417236328125,333.6528015136719,0.6556423902511597,7
24,0.009765625,417.4527282714844,256.0604248046875,709.6864013671875,0.6515792012214661,2
24,778.8070068359375,492.1534423828125,975.336181640625,692.380615234375,0.5174160599708557,2
24,223.51519775390625,402.76800537109375,329.6954345703125,553.2285766601562,0.48365578055381775,2
24,0.148895263671875,88.9796371459961,131.9295654296875,165.46017456054688,0.4399791955947876,2
24,287.4592590332031,338.9151611328125,789.478515625,706.2286376953125,0.3010203242301941,7
24,59.77984619140625,72.43814086914062,151.93829345703125,131.38014221191406,0.2870073914527893,2
25,421.32940673828125,151.07196044921875,548.2552490234375,251.42782592773438,0.8816577196121216,2
25,659.7776489257812,146.62890625,797.8848266601562,241.73745727539062,0.8803734183311462,2
25,821.6619262695312,226.5692901611328,981.5294799804688,343.73150634765625,0.8709006309509277,2
25,255.5179443359375,243.72372436523438,413.10595703125,355.2752990722656,0.8434895277023315,2
25,979.8634033203125,278.8717041015625,1154.8848876953125,398.009765625,0.838927149772644,2
25,1105.32861328125,128.10264587402344,1280.0,337.41552734375,0.8366684913635254,7
25,1.4929428100585938,160.27108764648438,123.23394012451172,271.5601806640625,0.8088790774345398,2
25,986.5916748046875,594.1931762695312,1227.7786865234375,715.3322143554688,0.7953260540962219,2
25,1205.168212890625,327.48760986328125,1279.618896484375,465.34246826171875,0.7938965559005737,2
25,237.65380859375,95.48799133300781,359.1282958984375,179.8697967529297,0.7843042612075806,2
25,130.5928192138672,111.09275817871094,245.44874572753906,180.67164611816406,0.7541670203208923,2
25,0.039306640625,418.0468444824219,255.66880798339844,709.708740234375,0.719271183013916,2
25,216.29660034179688,396.90313720703125,332.2016906738281,547.3423461914062,0.6504801511764526,2
25,769.0400390625,483.1875,960.5335693359375,680.7169189453125,0.5761560201644897,2
25,4.88519287109375,91.56301879882812,134.30703735351562,163.41513061523438,0.3672706186771393,2
25,289.7918701171875,332.23858642578125,784.254150390625,706.8068237304688,0.3013606369495392,5
25,72.09757995605469,75.04461669921875,166.31863403320312,133.89349365234375,0.28555452823638916,2
26,431.695068359375,154.78903198242188,560.7884521484375,254.09597778320312,0.906145453453064,2
26,671.344482421875,147.76455688476562,809.63232421875,243.9127197265625,0.8837106823921204,2
26,994.84814453125,282.5240478515625,1170.382568359375,403.99951171875,0.879473090171814,2
26,835.0572509765625,228.78121948242188,994.7308349609375,346.4416809082031,0.8742402791976929,2
26,248.04185485839844,241.767822265625,404.119384765625,351.81085205078125,0.8635447025299072,2
26,1116.166015625,130.29922485351562,1280.0,340.7547302246094,0.8388754725456238,7
26,247.5103759765625,96.74649047851562,370.31719970703125,181.745361328125,0.8271253705024719,2
26,1.2123947143554688,160.0174560546875,115.43257141113281,269.7589111328125,0.8230335116386414,2
26,208.13763427734375,392.7469482421875,331.1116943359375,544.4508056640625,0.7583467960357666,2
26,140.1287841796875,111.88189697265625,259.31707763671875,182.40069580078125,0.7485231757164001,2
26,1220.013671875,330.0951232910156,1279.62890625,469.3771057128906,0.7417595386505127,2
26,973.1970825195312,584.82958984375,1216.367431640625,713.478271484375,0.7263826131820679,2
26,0.0016021728515625,417.2428894042969,255.91229248046875,710.02880859375,0.668153703212738,2
26,20.128387451171875,91.737060546875,151.16983032226562,168.56982421875,0.6636239886283875,2
26,288.76824951171875,328.23773193359375,777.1303100585938,707.1918334960938,0.46541762351989746,5
26,762.4421997070312,479.0355224609375,950.5431518554688,674.376708984375,0.3796073794364929,2
26,84.86466979980469,75.92132568359375,178.53614807128906,161.716552734375,0.32133376598358154,2
27,239.82144165039062,239.94000244140625,395.8342590332031,347.1300048828125,0.9066688418388367,2
27,441.4091796875,157.90972900390625,572.8770751953125,255.8597412109375,0.8933457136154175,2
27,1006.4730224609375,286.242919921875,1185.4337158203125,408.644287109375,0.8918503522872925,2
27,683.510986328125,149.1624755859375,819.9500732421875,246.17529296875,0.8898342251777649,2
27,257.7794189453125,97.6128158569336,382.6705322265625,185.08816528320312,0.839918851852417,2
27,847.9353637695312,231.806396484375,1008.3976440429688,350.946044921875,0.8396624326705933,2
27,963.50244140625,578.2520751953125,1209.21826171875,714.1204833984375,0.8162797093391418,2
27,1127.459716796875,131.4711456298828,1279.563232421875,340.73529052734375,0.8125059604644775,7
27,0.0,142.55386352539062,107.98040008544922,268.1719665527344,0.8029276132583618,2
27,150.797607421875,113.86572265625,273.2125549316406,189.1683349609375,0.7922964096069336,2
27,202.0692596435547,390.2803955078125,326.37127685546875,538.0411376953125,0.7440478801727295,2
27,0.036956787109375,417.876220703125,255.43374633789062,710.1861572265625,0.6851215958595276,2
27,1236.0611572265625,339.07269287109375,1279.5958251953125,476.546142578125,0.6138197183609009,2
27,30.917633056640625,92.7883071899414,171.07723999023438,167.61154174804688,0.4946235120296478,2
27,291.1265869140625,322.9914245605469,777.0006103515625,699.81787109375,0.3528349697589874,5
28,231.01580810546875,236.62371826171875,384.26849365234375,345.05657958984375,0.8981583714485168,2
28,456.51806640625,159.87832641601562,586.9932861328125,258.3714599609375,0.8800618648529053,2
28,698.6085205078125,150.0108642578125,836.7633056640625,248.80984497070312,0.8740963935852051,2
28,1026.30712890625,291.285888671875,1205.1484375,414.0042724609375,0.8674992918968201,2
28,274.74951171875,99.10537719726562,395.73876953125,185.3438720703125,0.8395870327949524,2
28,865.26416015625,235.78582763671875,1026.181396484375,353.99871826171875,0.8379979133605957,2
28,949.7090454101562,569.0264892578125,1201.2099609375,715.2630615234375,0.8038796782493591,2
28,198.93663024902344,385.713623046875,326.5928955078125,532.3795166015625,0.7716389894485474,2
28,162.6929931640625,116.29745483398438,290.6732177734375,196.13525390625,0.7573593854904175,2
28,1142.3028564453125,133.193603515625,1279.4573974609375,342.63079833984375,0.7115378975868225,7
28,0.04611968994140625,139.13296508789062,96.72994232177734,263.7287902832031,0.7111671566963196,2
28,0.0,418.10400390625,256.28179931640625,710.0838623046875,0.7097033858299255,2
28,1258.373291015625,374.54937744140625,1279.545654296875,492.99981689453125,0.47311365604400635,2
28,43.09217834472656,95.00006103515625,166.53053283691406,165.1949462890625,0.36806586384773254,2
28,0.0,108.5489501953125,38.477481842041016,150.18414306640625,0.3531149923801422,2
28,621.364013671875,465.4118347167969,925.0157470703125,657.441162109375,0.34909385442733765,2
28,281.92034912109375,316.6448974609375,781.1578979492188,701.5650634765625,0.25453221797943115,7
29,467.4111633300781,161.46435546875,597.5615234375,260.955322265625,0.8943513631820679,2
29,222.652099609375,234.68460083007812,376.6929931640625,341.2738342285156,0.8814527988433838,2
29,710.485107421875,152.22000122070312,849.121826171875,250.77328491210938,0.8662069439888,2
29,878.46240234375,238.5457763671875,1041.39453125,359.42236328125,0.8460930585861206,2
29,1040.435791015625,296.942626953125,1218.955322265625,415.984130859375,0.8251786231994629,2
29,280.41937255859375,99.75535583496094,409.23541259765625,186.3418731689453,0.8122313022613525,2
29,936.0478515625,562.771484375,1175.009521484375,717.05810546875,0.8110241293907166,2
29,191.1009521484375,381.23345947265625,322.326416015625,528.5587768554688,0.8033270239830017,2
29,0.0,418.1375732421875,255.67724609375,709.676513671875,0.7340255379676819,2
29,0.0,145.87152099609375,89.16572570800781,262.6492919921875,0.7325161695480347,2
29,178.09384155273438,117.70602416992188,297.3554382324219,196.21542358398438,0.6898980736732483,2
29,1152.018798828125,135.12879943847656,1279.331787109375,348.607421875,0.532688319683075,7
29,0.07448196411132812,104.89169311523438,48.7473030090332,153.23745727539062,0.4790995121002197,2
29,1150.90869140625,135.6177978515625,1279.6630859375,346.76873779296875,0.4198964834213257,5
29,52.027130126953125,95.3255615234375,177.36827087402344,168.19619750976562,0.3183119297027588,2
29,117.97882080078125,79.5855941772461,214.9072265625,161.15988159179688,0.3091561496257782,2
29,277.7430114746094,312.9540710449219,766.5614013671875,702.91455078125,0.2993951439857483,7
29,614.2147216796875,460.4425354003906,916.8148193359375,649.8887939453125,0.28003475069999695,2
30,215.47763061523438,231.89512634277344,369.6832580566406,338.2750244140625,0.8746766448020935,2
30,479.3070373535156,162.85372924804688,611.7510986328125,264.187744140625,0.8714249134063721,2
30,1054.7491455078125,300.8371887207031,1233.9293212890625,420.5989074707031,0.8624643683433533,2
30,721.4431762695312,153.9337158203125,862.0122680664062,252.93017578125,0.8459300398826599,2
30,890.6044921875,240.0894775390625,1055.0224609375,362.227294921875,0.8328139781951904,2
30,927.0116577148438,554.49951171875,1160.97509765625,716.53173828125,0.8204218149185181,2
30,186.35714721679688,379.58978271484375,316.1370544433594,522.0968627929688,0.8099442720413208,2
30,292.732666015625,100.78196716308594,418.8800048828125,188.4995574951172,0.802577555179596,2
30,184.1688232421875,117.317626953125,305.73382568359375,196.19915771484375,0.7287035584449768,2
30,0.0,417.9975280761719,255.9214630126953,709.77783203125,0.6917294263839722,2
30,1163.018798828125,138.54226684570312,1279.385009765625,353.9185485839844,0.6573348045349121,7
30,0.02256011962890625,115.44943237304688,80.88541412353516,260.5334777832031,0.6360877156257629,2
30,0.0,89.8155517578125,58.705936431884766,154.05398559570312,0.563494861125946,2
30,614.5257568359375,455.1392822265625,903.9981689453125,644.2607421875,0.3189586400985718,2
30,126.51956176757812,80.38511657714844,222.80718994140625,162.17994689941406,0.2630122900009155,2
30,102.06651306152344,79.43602752685547,222.9105987548828,182.22833251953125,0.2575899362564087,2
30,278.1053466796875,308.7918395996094,760.793701171875,691.9815673828125,0.2515770494937897,7
31,494.14068603515625,165.12838745117188,626.4155883789062,267.0889587402344,0.8935917019844055,2
31,205.8650665283203,228.32901000976562,357.78680419921875,334.4907531738281,0.8872272968292236,2
31,1072.802734375,303.46923828125,1252.9013671875,427.2667236328125,0.8675071597099304,2
31,179.37832641601562,371.645263671875,314.9212951660156,517.218505859375,0.8562774658203125,2
31,908.0848388671875,244.3070068359375,1074.1005859375,368.927001953125,0.8514182567596436,2
31,902.4552001953125,545.138427734375,1140.441162109375,718.2703857421875,0.8492665886878967,2
31,737.4749755859375,156.78857421875,876.7767333984375,255.13800048828125,0.8360936641693115,2
31,308.6658935546875,102.88528442382812,435.34088134765625,194.62350463867188,0.8340572118759155,2
31,201.1563262939453,120.40853881835938,321.01409912109375,202.39993286132812,0.7854902148246765,2
31,0.04160308837890625,149.23345947265625,70.60078430175781,257.7555847167969,0.7471064925193787,2
31,1177.502685546875,141.21112060546875,1279.54052734375,356.55987548828125,0.6840736865997314,7
31,0.0,418.3797607421875,256.4482421875,710.0445556640625,0.6365386843681335,2
31,0.018413543701171875,89.84280395507812,62.227779388427734,153.62518310546875,0.5398699045181274,2
31,139.2371063232422,82.45268249511719,239.42140197753906,159.5673065185547,0.45791488885879517,2
31,95.72681427001953,101.80250549316406,208.25018310546875,184.5033416748047,0.4262169599533081,2
31,607.06494140625,450.83306884765625,889.831298828125,634.4533081054688,0.3213375508785248,2
31,0.0,91.45123291015625,71.13522338867188,166.78237915039062,0.2922413647174835,2
32,198.34368896484375,225.8226776123047,350.7177734375,330.96954345703125,0.8870899081230164,2
32,1086.356689453125,305.4876708984375,1269.292724609375,432.562255859375,0.8766053915023804,2
32,502.8428955078125,167.23880004882812,639.036865234375,271.9112243652344,0.8730448484420776,2
32,890.52294921875,542.0494384765625,1125.3541259765625,717.0753173828125,0.8523457646369934,2
32,171.84335327148438,369.5611572265625,312.0935974121094,514.6426391601562,0.8423768877983093,2
32,920.952880859375,248.67379760742188,1088.6396484375,371.6380310058594,0.8409289717674255,2
32,320.26995849609375,103.02468872070312,447.88946533203125,192.67227172851562,0.8147056698799133,2
32,749.3323974609375,158.84909057617188,889.6319580078125,256.3102111816406,0.8122648000717163,2
32,208.6041259765625,120.9576416015625,336.978759765625,206.1119384765625,0.773759126663208,2
32,0.02880859375,149.20767211914062,62.88391876220703,256.0730285644531,0.7114244699478149,2
32,0.7464599609375,419.45965576171875,254.95172119140625,711.7460327148438,0.6348820924758911,2
32,0.0499114990234375,91.7838134765625,66.275634765625,158.34335327148438,0.5897325277328491,2
32,1189.0067138671875,142.8735809326172,1279.3531494140625,329.50494384765625,0.5764893889427185,7
32,604.9645385742188,446.3076477050781,880.4620971679688,628.62646484375,0.3436397612094879,2
32,76.18563842773438,99.38812255859375,235.04864501953125,186.82461547851562,0.316519170999527,2
32,151.65322875976562,83.49668884277344,247.23898315429688,172.8095245361328,0.3046978712081909,2
33,880.409912109375,534.757080078125,1113.947509765625,717.5765380859375,0.895562469959259,2
33,1100.8466796875,309.240966796875,1280.0,435.8243408203125,0.8889992833137512,2
33,514.939697265625,169.45303344726562,649.6763916015625,272.6863708496094,0.8765789270401001,2
33,190.4900665283203,223.0023193359375,340.63519287109375,328.030029296875,0.8686977028846741,2
33,934.0904541015625,252.85043334960938,1101.7735595703125,375.9150085449219,0.8564626574516296,2
33,761.663818359375,160.05621337890625,902.961181640625,258.82391357421875,0.8454473614692688,2
33,165.86758422851562,366.189208984375,310.4350891113281,509.403076171875,0.8115487098693848,2
33,328.6533203125,106.096435546875,458.39935302734375,193.00921630859375,0.799266517162323,2
33,0.056365966796875,146.47445678710938,53.984859466552734,253.52151489257812,0.6953129172325134,2
33,222.52687072753906,123.6531982421875,344.0316162109375,205.158447265625,0.6695529818534851,2
33,0.0,417.74053955078125,256.8962097167969,710.2554321289062,0.6435329914093018,2
33,0.0,92.94389343261719,83.86964416503906,161.9014129638672,0.5520256161689758,2
33,88.58953857421875,99.28173828125,252.41162109375,183.8558349609375,0.4461071491241455,2
33,1198.2021484375,144.13076782226562,1279.69921875,337.6623840332031,0.39801859855651855,7
33,598.6400146484375,438.28472900390625,871.9549560546875,622.6990356445312,0.3534773886203766,2
33,1096.413818359375,676.376708984375,1278.859619140625,717.25390625,0.2710859775543213,2
34,1120.9847412109375,313.63800048828125,1279.4197998046875,441.81695556640625,0.8885055184364319,2
34,529.9998779296875,173.6866455078125,666.2464599609375,278.6790771484375,0.8873416185379028,2
34,180.0225830078125,220.5484619140625,331.34100341796875,325.79595947265625,0.8814347982406616,2
34,864.348876953125,525.3770751953125,1100.080322265625,715.8944091796875,0.8590354323387146,2
34,951.712890625,256.71478271484375,1122.309814453125,379.27166748046875,0.852315366268158,2
34,159.818603515625,360.44189453125,308.2518005371094,502.6748046875,0.846525251865387,2
34,777.0196533203125,162.08975219726562,917.8172607421875,262.7306823730469,0.8208945989608765,2
34,349.26318359375,109.21986389160156,474.8011474609375,193.9508819580078,0.7899499535560608,2
34,233.10528564453125,125.33297729492188,359.10009765625,211.85299682617188,0.7629823684692383,2
34,0.0,417.5297546386719,256.9919128417969,710.38427734375,0.702298641204834,2
34,0.042247772216796875,151.53762817382812,43.12880325317383,250.2855224609375,0.6668853163719177,2
34,0.6233596801757812,94.20388793945312,100.44430541992188,162.58309936523438,0.6158280968666077,2
34,103.88226318359375,100.74331665039062,236.18072509765625,183.34176635742188,0.595913290977478,2
34,1081.1536865234375,666.7955932617188,1279.2025146484375,715.8549194335938,0.5236278176307678,2
34,1215.66748046875,147.2091522216797,1279.32080078125,337.10015869140625,0.49164730310440063,7
34,591.8201904296875,433.1190490722656,856.906494140625,615.0477294921875,0.4218692183494568,2
34,172.99752807617188,85.04409790039062,276.05126953125,161.73739624023438,0.25898292660713196,2
35,542.7628173828125,174.33453369140625,677.2406005859375,281.1429443359375,0.8870663046836853,2
35,173.7333984375,217.8870849609375,323.8291320800781,324.22088623046875,0.8790456652641296,2
35,1134.9940185546875,318.10302734375,1279.5213623046875,445.44268798828125,0.8618722558021545,2
35,965.0499267578125,259.1669006347656,1135.5328369140625,384.3783264160156,0.850775420665741,2
35,788.691650390625,163.0404052734375,930.797119140625,264.06622314453125,0.8340986967086792,2
35,853.6678466796875,518.7432250976562,1084.5010986328125,713.8370971679688,0.8291791677474976,2
35,157.35488891601562,358.47711181640625,305.4276123046875,498.42767333984375,0.8225575685501099,2
35,360.93719482421875,111.155029296875,485.43194580078125,196.5604248046875,0.8189461827278137,2
35,244.64630126953125,127.31640625,371.42266845703125,214.468017578125,0.7742224335670471,2
35,0.701995849609375,420.11175537109375,255.68450927734375,711.5409545898438,0.6835991740226746,2
35,1066.311279296875,656.0355224609375,1280.0,715.8323974609375,0.6711353659629822,2
35,1.0565567016601562,95.16744232177734,112.4469223022461,162.77688598632812,0.6612123250961304,2
35,0.0,144.54965209960938,36.283973693847656,248.69094848632812,0.6338244080543518,2
35,106.60379028320312,101.43048095703125,264.59808349609375,184.759033203125,0.5256967544555664,2
35,267.5804443359375,285.41943359375,729.0615234375,711.4459228515625,0.5024416446685791,7
35,588.6444091796875,428.52398681640625,847.3470458984375,609.4476928710938,0.40748754143714905,2
35,1228.10400390625,149.50811767578125,1279.67724609375,324.6263427734375,0.39082640409469604,7
35,265.895263671875,286.7628173828125,727.5286254882812,709.96923828125,0.28340280055999756,5
36,842.9779052734375,512.275390625,1074.46826171875,713.35791015625,0.9128282070159912,2
36,1150.1824951171875,322.1484375,1279.4268798828125,451.164794921875,0.882645845413208,2
36,542.0235595703125,176.42376708984375,689.15283203125,281.8240051269531,0.8794639110565186,2
36,800.487060546875,164.13671875,943.82568359375,265.9898681640625,0.8693627119064331,2
36,372.9058532714844,112.16334533691406,497.3627014160156,198.02818298339844,0.8589692711830139,2
36,166.06051635742188,215.7511749267578,315.0534973144531,320.56256103515625,0.8562330007553101,2
36,150.88601684570312,353.5093994140625,301.90185546875,496.2034912109375,0.8237935304641724,2
36,977.0283203125,263.52960205078125,1153.29296875,386.39752197265625,0.8213931918144226,2
36,256.0048828125,127.3406982421875,381.6383056640625,216.25875854492188,0.7670435905456543,2
36,0.7476425170898438,420.0052795410156,256.0407409667969,711.6129150390625,0.6657459735870361,2
36,1057.5294189453125,643.005615234375,1278.9166259765625,714.49609375,0.6626514196395874,2
36,2.0890846252441406,96.04498291015625,126.68753051757812,165.49295043945312,0.6343141794204712,2
36,124.0240249633789,99.39659118652344,296.1427307128906,186.56980895996094,0.5805339217185974,2
36,261.12646484375,280.82830810546875,722.0393676757812,710.6356811523438,0.5438182950019836,7
36,0.025388717651367188,153.68081665039062,27.83155059814453,245.01177978515625,0.42577701807022095,2
36,586.5308837890625,425.13250732421875,838.3375244140625,602.4019165039062,0.3855772614479065,2
36,1239.7042236328125,149.800048828125,1279.6727294921875,327.0313720703125,0.2565763294696808,7
37,566.870849609375,177.83944702148438,705.77392578125,283.1560974121094,0.8990935683250427,2
37,155.1885986328125,212.762451171875,305.1259765625,318.04583740234375,0.8792902231216431,2
37,1168.9537353515625,326.89794921875,1279.4156494140625,457.93896484375,0.8763159513473511,2
37,829.5863037109375,504.4033203125,1063.1529541015625,708.352783203125,0.8719375133514404,2
37,995.2706298828125,266.6265563964844,1172.5618896484375,392.7138977050781,0.8620477914810181,2
37,816.6680908203125,166.30441284179688,960.7724609375,269.5945129394531,0.8487306833267212,2
37,142.605224609375,351.0362548828125,297.56036376953125,488.29339599609375,0.8450804352760315,2
37,390.26019287109375,112.73208618164062,512.5388793945312,199.25320434570312,0.8274267315864563,2
37,269.4124755859375,129.74319458007812,400.650634765625,216.32180786132812,0.7713044881820679,2
37,1029.2178955078125,631.0354614257812,1278.5155029296875,716.0098266601562,0.6870765089988708,2
37,0.6775970458984375,418.3316650390625,255.66261291503906,711.593994140625,0.6863178610801697,2
37,9.460311889648438,97.6703872680664,134.10769653320312,166.43118286132812,0.6371499300003052,2
37,264.57122802734375,276.3138427734375,716.0338745117188,711.453857421875,0.5266366600990295,7
37,0.037937164306640625,165.78103637695312,17.226181030273438,245.0428466796875,0.4655080735683441,2
37,583.3909301757812,413.9354248046875,825.4707641601562,593.2841796875,0.4156202971935272,2
37,139.63430786132812,105.51371765136719,295.6517639160156,185.5817413330078,0.35281047224998474,2
38,822.82958984375,498.18499755859375,1051.4720458984375,687.5109252929688,0.913806676864624,2
38,146.88140869140625,210.5081024169922,296.80853271484375,315.04058837890625,0.8885834217071533,2
38,580.6644287109375,180.0155487060547,716.9998779296875,285.94195556640625,0.8853814601898193,2
38,828.876708984375,168.08377075195312,973.2646484375,271.94061279296875,0.8709889054298401,2
38,1009.3184814453125,270.069091796875,1186.8558349609375,397.2451171875,0.8560400009155273,2
38,1184.270263671875,333.41900634765625,1279.478759765625,462.38433837890625,0.8550980687141418,2
38,135.83615112304688,347.9290771484375,295.1973571777344,485.30615234375,0.8442403674125671,2
38,995.3115844726562,624.9003295898438,1270.8115234375,717.6124877929688,0.8193400502204895,2
38,399.81243896484375,114.698974609375,524.6967163085938,200.17449951171875,0.8008870482444763,2
38,282.06280517578125,131.72012329101562,405.72100830078125,215.15399169921875,0.7781170010566711,2
38,26.675968170166016,98.46684265136719,145.71841430664062,166.3999481201172,0.7065601348876953,2
38,0.6630859375,418.3285217285156,255.7674560546875,711.6763916015625,0.6797856092453003,2
38,272.00677490234375,271.7471618652344,724.1438598632812,714.0318603515625,0.45722877979278564,7
38,150.17556762695312,109.4237060546875,280.22265625,190.47659301757812,0.41735872626304626,2
38,225.10208129882812,91.90174865722656,325.2658386230469,189.41502380371094,0.3246958553791046,2
38,220.58868408203125,91.67462158203125,324.392578125,157.29815673828125,0.2654419243335724,2
39,140.74050903320312,208.89675903320312,288.1274108886719,311.8343200683594,0.8995384573936462,2
39,1023.989013671875,272.7950439453125,1201.444580078125,401.5989990234375,0.8826609253883362,2
39,812.6376953125,490.9827880859375,1038.459716796875,679.9222412109375,0.8775836229324341,2
39,592.5673828125,181.40599060058594,730.522216796875,287.7100830078125,0.8724198341369629,2
39,132.80392456054688,343.112548828125,292.15234375,483.931396484375,0.8517251014709473,2
39,840.9722900390625,170.9669189453125,986.1197509765625,273.1385803222656,0.8243334889411926,2
39,289.51287841796875,132.48794555664062,418.07489013671875,219.0950927734375,0.7918230295181274,2
39,1199.437255859375,337.0880126953125,1279.664306640625,469.70751953125,0.7827757000923157,2
39,410.7501220703125,115.62850952148438,539.3165283203125,204.72970581054688,0.7554923295974731,2
39,996.7514038085938,614.76708984375,1256.27392578125,717.993408203125,0.7485740780830383,2
39,39.70353698730469,99.99452209472656,156.55862426757812,166.34754943847656,0.6880046129226685,2
39,0.767486572265625,417.32427978515625,255.90597534179688,711.6062622070312,0.6775867342948914,2
39,268.52227783203125,270.54791259765625,702.5842895507812,713.7627563476562,0.614424467086792,7
39,159.59454345703125,110.72996520996094,292.2486572265625,199.32945251464844,0.5695342421531677,2
39,231.22933959960938,93.29318237304688,332.8205261230469,162.94198608398438,0.3507218360900879,2
40,131.085693359375,205.72665405273438,278.499755859375,308.9488830566406,0.9136622548103333,2
40,607.7835693359375,184.69752502441406,745.8665771484375,294.6685791015625,0.880613386631012,2
40,800.4796142578125,482.6294250488281,1024.6370849609375,665.411376953125,0.8757309317588806,2
40,1042.185302734375,277.0465393066406,1221.625732421875,408.9351501464844,0.8650670647621155,2
40,124.03063201904297,338.3436279296875,290.9127197265625,476.2999267578125,0.8477963209152222,2
40,857.7279052734375,173.9422607421875,1002.1534423828125,276.10675048828125,0.8272460699081421,2
40,1220.0634765625,343.51324462890625,1279.63818359375,471.6005859375,0.8052383065223694,2
40,979.690185546875,603.696044921875,1243.123779296875,714.0509033203125,0.7958687543869019,2
40,304.7213439941406,136.16168212890625,434.0719909667969,222.6988525390625,0.7954878807067871,2
40,426.1883544921875,118.28225708007812,554.59033203125,208.44223022460938,0.7929781079292297,2
40,0.6554946899414062,417.5211181640625,255.72286987304688,711.531494140625,0.7085685729980469,2
40,49.44282531738281,101.57321166992188,159.87579345703125,166.926025390625,0.6535959839820862,2
40,256.5364990234375,265.7512512207031,698.9291381835938,712.972412109375,0.6205951571464539,7
40,175.29165649414062,112.39340209960938,303.734619140625,197.99160766601562,0.5624949932098389,2
40,246.47195434570312,95.1366195678711,348.1040344238281,158.91775512695312,0.3629099726676941,2
40,688.7911376953125,403.57861328125,792.0372314453125,573.92431640625,0.29940471053123474,2
41,789.9898681640625,478.8958435058594,1009.9051513671875,658.6851806640625,0.8989424109458923,2
41,617.796630859375,188.98895263671875,756.814697265625,295.0855712890625,0.8636075854301453,2
41,1055.990478515625,280.997802734375,1236.575439453125,412.5057373046875,0.8630079627037048,2
41,121.85858917236328,204.42825317382812,269.4844970703125,307.2328796386719,0.8561334609985352,2
41,120.18863677978516,335.42822265625,289.7926940917969,471.40863037109375,0.8537359833717346,2
41,960.065185546875,594.4390869140625,1232.082763671875,716.8072509765625,0.848846435546875,2
41,869.269287109375,175.51904296875,1016.150390625,278.64678955078125,0.8191215395927429,2
41,439.8148193359375,118.65725708007812,564.0703125,207.69131469726562,0.7691161036491394,2
41,317.60345458984375,137.8082275390625,449.49481201171875,224.1021728515625,0.76778244972229,2
41,185.632080078125,116.57147216796875,318.7329406738281,201.4058837890625,0.702082097530365,2
41,0.6988372802734375,416.6000061035156,254.459716796875,711.5916748046875,0.6739622354507446,2
41,1235.75341796875,339.884033203125,1279.64404296875,483.1168212890625,0.6559908986091614,2
41,269.32135009765625,262.3290100097656,692.7615966796875,713.7481689453125,0.5611875653266907,7
41,60.717437744140625,102.79411315917969,172.01461791992188,169.7573699951172,0.5494765639305115,2
41,256.9194641113281,96.22887420654297,360.0106506347656,164.05523681640625,0.4765717387199402,2
41,685.6190185546875,399.31658935546875,783.9742431640625,569.0811157226562,0.3448200225830078,2
42,629.2249755859375,192.06251525878906,771.2144775390625,298.1881103515625,0.8897171020507812,2
42,780.577392578125,474.88836669921875,997.1025390625,650.4899291992188,0.8845370411872864,2
42,114.49508666992188,202.82412719726562,262.4587707519531,304.3273620605469,0.8706763386726379,2
42,946.8417358398438,586.99560546875,1218.68994140625,715.912841796875,0.8574441075325012,2
42,116.25765228271484,331.8233642578125,286.5514221191406,469.1651611328125,0.8493339419364929,2
42,880.4669189453125,176.12408447265625,1029.205078125,280.74859619140625,0.8464668393135071,2
42,1070.5703125,286.74603271484375,1251.83642578125,416.03179931640625,0.8418405652046204,2
42,328.62579345703125,138.616455078125,463.60552978515625,230.25,0.807681679725647,2
42,449.32037353515625,121.0494384765625,577.6409301757812,212.05609130859375,0.7808798551559448,2
42,0.651641845703125,416.3744201660156,253.33917236328125,711.5374755859375,0.6616278886795044,2
42,196.31295776367188,117.2572021484375,331.2432556152344,200.52774047851562,0.6461833119392395,2
42,263.74542236328125,96.54071044921875,371.85650634765625,162.89776611328125,0.5586438179016113,2
42,253.7725830078125,257.246826171875,699.3948974609375,711.17333984375,0.5531502962112427,7
42,73.03285217285156,103.724365234375,189.77915954589844,173.861328125,0.5407325029373169,2
42,1251.26025390625,385.82501220703125,1279.502685546875,482.00274658203125,0.39412355422973633,2
43,105.1065444946289,201.20547485351562,250.30996704101562,299.5001525878906,0.8953343033790588,2
43,766.2706298828125,466.43341064453125,985.2864990234375,642.8285522460938,0.8780564665794373,2
43,934.02294921875,576.6752319335938,1205.249755859375,711.9070434570312,0.8758527636528015,2
43,644.644775390625,193.45497131347656,786.7144775390625,301.42431640625,0.8642089366912842,2
43,107.732666015625,330.47711181640625,280.3617248535156,464.88311767578125,0.8469808101654053,2
43,897.3519287109375,178.24139404296875,1046.418701171875,283.8275146484375,0.8384032249450684,2
43,466.57684326171875,122.7254638671875,593.4450073242188,214.29693603515625,0.8379687070846558,2
43,1087.12451171875,291.63214111328125,1271.83642578125,420.5947265625,0.8168442249298096,2
43,339.03558349609375,142.52633666992188,479.56109619140625,246.10433959960938,0.783852219581604,2
43,0.6570892333984375,417.9200439453125,252.37808227539062,711.49365234375,0.7457957863807678,2
43,83.40032958984375,105.56869506835938,204.50033569335938,178.48971557617188,0.622472882270813,2
43,206.8480224609375,117.69561767578125,343.66204833984375,206.60595703125,0.5969473719596863,2
43,249.23876953125,252.86480712890625,681.3909912109375,710.9091186523438,0.5725376605987549,7
43,280.21710205078125,98.47178649902344,387.06378173828125,167.1321258544922,0.46155261993408203,2
43,668.678466796875,389.32049560546875,762.180908203125,551.9719848632812,0.3392905592918396,2
43,279.7282409667969,97.47821044921875,388.6296081542969,202.30545043945312,0.29704493284225464,2
44,759.193603515625,462.65020751953125,974.50146484375,635.6996459960938,0.8917189836502075,2
44,656.5237426757812,195.97412109375,800.7151489257812,305.29876708984375,0.8794748783111572,2
44,910.12744140625,179.12890625,1058.810546875,286.26507568359375,0.8793676495552063,2
44,96.44741821289062,198.69361877441406,241.361572265625,297.933837890625,0.8781754970550537,2
44,479.0518798828125,124.77505493164062,606.8040771484375,216.09567260742188,0.8770245909690857,2
44,926.266357421875,569.79931640625,1197.399169921875,713.585693359375,0.8682446479797363,2
44,102.20101928710938,327.3121032714844,273.5267028808594,460.2395935058594,0.8348097801208496,2
44,350.6617736816406,142.627197265625,490.8830871582031,252.91867065429688,0.8253659009933472,2
44,1102.281005859375,294.825439453125,1279.61767578125,425.1474609375,0.8240696787834167,2
44,0.64312744140625,418.62628173828125,251.7713165283203,711.5996704101562,0.7243516445159912,2
44,253.1282958984375,248.8211669921875,684.8182983398438,712.35693359375,0.6706944108009338,7
44,92.29670715332031,108.8035888671875,207.15599060058594,178.05807495117188,0.6437060832977295,2
44,218.2261962890625,118.12808227539062,353.1650390625,208.13156127929688,0.6413857340812683,2
44,291.09136962890625,99.61154174804688,395.83587646484375,169.79452514648438,0.45755404233932495,2
44,666.058837890625,384.8438720703125,752.619384765625,547.7686157226562,0.42762309312820435,2
44,291.3441162109375,99.28858947753906,396.113037109375,210.20423889160156,0.26632601022720337,2
45,362.6513671875,144.01300048828125,502.6829833984375,250.35244750976562,0.8835392594337463,2
45,751.3375244140625,457.86553955078125,964.3282470703125,630.5433959960938,0.8831030130386353,2
45,917.7032470703125,562.2158813476562,1186.4739990234375,715.7323608398438,0.8780734539031982,2
45,1118.088623046875,297.70123291015625,1279.628662109375,428.02740478515625,0.8684104681015015,2
45,490.029052734375,127.08657836914062,618.6484375,217.1895751953125,0.8656169176101685,2
45,88.6364974975586,196.38311767578125,233.52560424804688,296.25457763671875,0.8616089820861816,2
45,669.090087890625,198.29071044921875,811.9918212890625,308.05487060546875,0.8524229526519775,2
45,922.10107421875,180.52728271484375,1072.2646484375,287.62518310546875,0.8435672521591187,2
45,96.44680786132812,324.0900573730469,262.0119323730469,456.5639953613281,0.8054118156433105,2
45,0.6316070556640625,419.5882568359375,254.12930297851562,711.567626953125,0.7478224635124207,2
45,102.04550170898438,111.1392822265625,224.551025390625,180.66180419921875,0.7147951722145081,2
45,246.5595703125,245.697998046875,690.7388916015625,712.6038208007812,0.7102785110473633,7
45,225.96524047851562,119.00689697265625,365.8445129394531,216.040283203125,0.6247501969337463,2
45,299.380859375,100.68289947509766,409.0848388671875,180.97671508789062,0.58657306432724,2
46,376.3519287109375,145.57369995117188,516.7412109375,245.184814453125,0.890014111995697,2
46,740.0185546875,450.7337951660156,951.56201171875,625.5870361328125,0.8868176937103271,2
46,79.846435546875,193.4842987060547,223.50494384765625,293.37847900390625,0.8866779208183289,2
46,506.532470703125,128.02313232421875,636.348876953125,219.42294311523438,0.8852134346961975,2
46,685.839111328125,201.1797332763672,830.791259765625,311.04937744140625,0.8801625967025757,2
46,903.7468872070312,554.0552978515625,1173.498291015625,716.556640625,0.8639512658119202,2
46,938.41796875,182.46218872070312,1089.46044921875,291.0106506347656,0.8524046540260315,2
46,1136.41357421875,301.673095703125,1279.3603515625,434.17706298828125,0.8490983843803406,2
46,90.10193634033203,320.0721435546875,260.315673828125,452.4422607421875,0.8410984873771667,2
46,118.46273803710938,112.23175048828125,238.0643310546875,182.0308837890625,0.7766269445419312,2
46,0.5655517578125,419.83203125,254.22998046875,711.7589111328125,0.6962117552757263,2
46,237.94589233398438,119.55056762695312,380.1187438964844,219.444580078125,0.6684460639953613,2
46,248.35426330566406,240.70465087890625,677.270751953125,709.2717895507812,0.6645755767822266,7
46,315.53253173828125,102.18478393554688,422.81390380859375,179.45535278320312,0.4650973379611969,2
46,653.5162353515625,375.6959228515625,731.6798095703125,536.652587890625,0.2661727964878082,2
46,543.0794677734375,373.2064208984375,733.0872802734375,536.0809326171875,0.26086828112602234,7
46,539.0157470703125,364.9158935546875,731.6392822265625,536.3026123046875,0.2579858601093292,2
47,896.4923706054688,547.2608642578125,1162.129150390625,714.3114013671875,0.9003749489784241,2
47,730.897216796875,446.51971435546875,940.85302734375,615.9129028320312,0.8982813954353333,2
47,385.76544189453125,148.50271606445312,529.61376953125,241.91043090820312,0.8825191259384155,2
47,515.727783203125,129.09579467773438,648.553955078125,223.46371459960938,0.8820275664329529,2
47,696.946533203125,203.77133178710938,842.9232177734375,316.4654846191406,0.8671714067459106,2
47,85.5497817993164,315.6152038574219,260.1443176269531,449.2767028808594,0.8649379014968872,2
47,72.5188980102539,191.14605712890625,217.64846801757812,290.821044921875,0.8570631146430969,2
47,1151.89990234375,303.86883544921875,1279.451171875,438.69476318359375,0.8381915092468262,2
47,951.2041015625,185.2079315185547,1101.672607421875,294.67413330078125,0.8235491514205933,2
47,127.04104614257812,112.78826904296875,243.57781982421875,182.68756103515625,0.755075216293335,2
47,250.04364013671875,122.939453125,389.57061767578125,217.406982421875,0.7068339586257935,2
47,0.640655517578125,420.0540771484375,254.68246459960938,711.53076171875,0.6955679059028625,2
47,246.8470458984375,238.34039306640625,664.922607421875,710.7606811523438,0.594336748123169,7
47,536.5792846679688,359.4002685546875,721.5827026367188,528.6351318359375,0.42841997742652893,2
47,326.74346923828125,103.72412109375,435.28704833984375,181.40325927734375,0.3848968744277954,2
48,400.2801513671875,147.33380126953125,540.929443359375,235.95025634765625,0.9127575755119324,2
48,722.4273071289062,442.4058837890625,932.5206909179688,610.447998046875,0.8892827033996582,2
48,64.4479751586914,189.747802734375,206.77444458007812,289.36077880859375,0.8673347234725952,2
48,888.3590087890625,541.3616943359375,1150.4163818359375,715.3988037109375,0.8656947612762451,2
48,709.491943359375,205.3654022216797,854.492431640625,319.15228271484375,0.8569799065589905,2
48,528.76171875,130.7803192138672,658.451904296875,223.78578186035156,0.8505115509033203,2
48,78.88162231445312,313.666748046875,253.92755126953125,446.4298095703125,0.8501467704772949,2
48,1166.156494140625,308.28887939453125,1279.486572265625,443.7178955078125,0.8459186553955078,2
48,963.4171142578125,188.92698669433594,1115.7171630859375,296.73095703125,0.8271715641021729,2
48,138.58663940429688,114.01210021972656,254.13247680664062,184.48915100097656,0.7373926043510437,2
48,0.6603240966796875,419.2669372558594,253.43797302246094,711.3319091796875,0.6445950865745544,2
48,260.89288330078125,123.81094360351562,399.46929931640625,226.58480834960938,0.5455486178398132,2
48,242.922607421875,233.34283447265625,673.640625,708.229736328125,0.5338692665100098,7
48,533.6107177734375,362.2535400390625,712.7281494140625,524.3082275390625,0.448617547750473,2
48,340.0594482421875,106.25607299804688,446.6732177734375,220.42587280273438,0.3862234354019165,2
48,244.29449462890625,233.5423583984375,660.0982666015625,710.46142578125,0.36679503321647644,5
48,336.6899719238281,106.49667358398438,446.2737731933594,181.66046142578125,0.35141921043395996,2
49,1186.3712158203125,313.09619140625,1279.3265380859375,450.5360107421875,0.8739405274391174,2
49,54.2332763671875,188.3376007080078,199.31198120117188,285.75982666015625,0.8657456040382385,2
49,980.4246826171875,191.80426025390625,1133.1387939453125,299.46051025390625,0.8624855875968933,2
49,725.011474609375,207.8726806640625,872.704345703125,323.2576904296875,0.8624231219291687,2
49,875.7589111328125,531.055419921875,1135.6356201171875,714.1212158203125,0.8618372082710266,2
49,708.95068359375,433.66595458984375,919.2900390625,601.5823364257812,0.8538177013397217,2
49,72.28884887695312,310.0166015625,245.65090942382812,441.25787353515625,0.8417050242424011,2
49,413.763427734375,150.8388671875,547.9638671875,232.7423095703125,0.8404992818832397,2
49,543.2705688476562,133.03530883789062,675.9547729492188,226.53109741210938,0.8205174207687378,2
49,0.6503143310546875,418.53375244140625,253.94229125976562,711.3740844726562,0.7303681969642639,2
49,231.21617126464844,229.55694580078125,652.8099365234375,708.6061401367188,0.6210808753967285,7
49,278.5452880859375,125.7569580078125,415.0528564453125,224.75506591796875,0.6066317558288574,2
49,153.12921142578125,116.48159790039062,265.9876708984375,186.7152099609375,0.6038485765457153,2
49,634.2071533203125,364.13702392578125,700.8206787109375,518.390380859375,0.46610742807388306,2
49,355.21624755859375,108.9761962890625,461.44744873046875,181.75250244140625,0.4447343647480011,2
50,866.8045654296875,525.2342529296875,1124.9246826171875,712.9827880859375,0.8883652091026306,2
50,47.000946044921875,186.5103759765625,190.00326538085938,282.3917236328125,0.8733391165733337,2
50,992.9361572265625,193.9676055908203,1147.4066162109375,303.25445556640625,0.8612754344940186,2
50,555.7760009765625,134.1648712158203,689.0550537109375,227.48497009277344,0.8582282662391663,2
50,701.2964477539062,428.589111328125,906.0181274414062,596.73779296875,0.8560100793838501,2
50,736.60546875,211.4005126953125,883.6270751953125,326.98455810546875,0.8502098917961121,2
50,428.82708740234375,152.67379760742188,560.3103637695312,229.78561401367188,0.848538875579834,2
50,66.81797790527344,307.58392333984375,233.4101104736328,438.25885009765625,0.839591383934021,2
50,1200.482421875,316.7636413574219,1279.3115234375,455.6427917480469,0.7989248037338257,2
50,0.4225311279296875,415.1944274902344,254.44625854492188,711.0491943359375,0.6970751285552979,2
50,286.9661865234375,128.646484375,428.31591796875,223.68402099609375,0.6962279081344604,2
50,159.82760620117188,116.67083740234375,287.7131652832031,191.7818603515625,0.6297383904457092,2
50,226.42576599121094,224.78857421875,646.88623046875,707.9368896484375,0.5460314154624939,7
50,226.7448272705078,224.55870056152344,639.1027221679688,706.9866943359375,0.5310856103897095,5
50,363.37847900390625,111.04922485351562,475.96356201171875,181.24954223632812,0.5287634134292603,2
50,628.8778076171875,361.13421630859375,691.92822265625,514.664306640625,0.4392717778682709,2
